Theta_Idx,H_Idx,Dist_Idx,Heading_Idx,Action_0_Yaw-30.0,Action_1_Yaw-10.0,Action_2_Yaw0.0,Action_3_Yaw10.0,Action_4_Yaw30.0
0,0,0,0,0.0,0.0,0.0,0.0,0.0
0,0,0,1,0.0,0.0,0.0,0.0,0.0
0,0,0,2,0.0,0.0,0.0,0.0,0.0
0,0,0,3,5.46942954189961,6.062462734825089,5.5239259707642026,4.67162914628012,4.801519427587206
0,0,0,4,5.937620093268035,6.632015475873221,8.639080296433976,6.680751419436903,4.642712793096697
0,0,0,5,5.9221135341996325,5.486702699219791,6.520946779902526,4.191483470239446,3.919407367489205
0,0,0,6,0.0,0.0,0.0,0.0,0.0
0,0,0,7,0.0,0.0,0.0,0.0,0.0
0,0,1,0,0.0,0.0,0.0,0.0,0.0
0,0,1,1,0.0,0.0,0.0,0.0,0.0
0,0,1,2,0.0,0.0,0.0,0.0,0.0
0,0,1,3,2.051483963586687,2.3748955492246546,2.732885710172747,1.866771040801676,1.583669811831827
0,0,1,4,2.3006168353677086,2.2930007465175453,12.69178255981131,2.4743445579769823,3.913256950302967
0,0,1,5,2.461320164460995,3.4106845790632634,3.4723910299892404,9.038006911239055,3.676483394511877
0,0,1,6,0.0,0.0,0.0,0.0,0.0
0,0,1,7,0.0,0.0,0.0,0.0,0.0
0,1,0,0,0.0,0.0,0.0,0.0,0.0
0,1,0,1,0.0,0.0,0.0,0.0,0.0
0,1,0,2,0.0,0.0,0.0,0.0,0.0
0,1,0,3,0.0,0.0,0.0,0.0,0.0
0,1,0,4,0.0,0.0,0.0,0.0,0.0
0,1,0,5,0.0,0.0,0.0,0.0,0.0
0,1,0,6,0.0,0.0,0.0,0.0,0.0
0,1,0,7,0.0,0.0,0.0,0.0,0.0
0,1,1,0,0.0,0.0,0.0,0.0,0.0
0,1,1,1,0.0,0.0,0.0,0.0,0.0
0,1,1,2,0.0,0.0,0.0,0.0,0.0
0,1,1,3,0.0,0.0,0.0,0.0,0.0
0,1,1,4,0.0,0.0,0.0,0.0,0.0
0,1,1,5,0.0,0.0,0.0,0.0,0.0
0,1,1,6,0.0,0.0,0.0,0.0,0.0
0,1,1,7,0.0,0.0,0.0,0.0,0.0
0,2,0,0,0.0,0.0,0.0,0.0,0.0
0,2,0,1,0.0,0.0,0.0,0.0,0.0
0,2,0,2,0.0,0.0,0.0,0.0,0.0
0,2,0,3,0.0,0.0,0.0,0.0,0.0
0,2,0,4,0.0,0.0,0.0,0.0,0.0
0,2,0,5,0.0,0.0,0.0,0.0,0.0
0,2,0,6,0.0,0.0,0.0,0.0,0.0
0,2,0,7,0.0,0.0,0.0,0.0,0.0
0,2,1,0,0.0,0.0,0.0,0.0,0.0
0,2,1,1,0.0,0.0,0.0,0.0,0.0
0,2,1,2,0.0,0.0,0.0,0.0,0.0
0,2,1,3,0.0,0.0,0.0,0.0,0.0
0,2,1,4,0.0,0.0,0.0,0.0,0.0
0,2,1,5,0.0,0.0,0.0,0.0,0.0
0,2,1,6,0.0,0.0,0.0,0.0,0.0
0,2,1,7,0.0,0.0,0.0,0.0,0.0
0,3,0,0,0.0,0.0,0.0,0.0,0.0
0,3,0,1,0.0,0.0,0.0,0.0,0.0
0,3,0,2,0.0,0.0,0.0,0.0,0.0
0,3,0,3,0.0,0.0,0.0,0.0,0.0
0,3,0,4,0.0,0.0,0.0,0.0,0.0
0,3,0,5,0.0,0.0,0.0,0.0,0.0
0,3,0,6,0.0,0.0,0.0,0.0,0.0
0,3,0,7,0.0,0.0,0.0,0.0,0.0
0,3,1,0,0.0,0.0,0.0,0.0,0.0
0,3,1,1,0.0,0.0,0.0,0.0,0.0
0,3,1,2,0.0,0.0,0.0,0.0,0.0
0,3,1,3,0.0,0.0,0.0,0.0,0.0
0,3,1,4,0.0,0.0,0.0,0.0,0.0
0,3,1,5,0.0,0.0,0.0,0.0,0.0
0,3,1,6,0.0,0.0,0.0,0.0,0.0
0,3,1,7,0.0,0.0,0.0,0.0,0.0
0,4,0,0,0.0,0.0,0.0,0.0,0.0
0,4,0,1,0.0,0.0,0.0,0.0,0.0
0,4,0,2,0.0,0.0,0.0,0.0,0.0
0,4,0,3,0.0,0.0,0.0,0.0,0.0
0,4,0,4,0.0,0.0,0.0,0.0,0.0
0,4,0,5,0.0,0.0,0.0,0.0,0.0
0,4,0,6,0.0,0.0,0.0,0.0,0.0
0,4,0,7,0.0,0.0,0.0,0.0,0.0
0,4,1,0,0.0,0.0,0.0,0.0,0.0
0,4,1,1,0.0,0.0,0.0,0.0,0.0
0,4,1,2,0.0,0.0,0.0,0.0,0.0
0,4,1,3,0.0,0.0,0.0,0.0,0.0
0,4,1,4,0.0,0.0,0.0,0.0,0.0
0,4,1,5,0.0,0.0,0.0,0.0,0.0
0,4,1,6,0.0,0.0,0.0,0.0,0.0
0,4,1,7,0.0,0.0,0.0,0.0,0.0
1,0,0,0,0.0,0.0,0.0,0.0,0.0
1,0,0,1,0.0,0.0,0.0,0.0,0.0
1,0,0,2,0.0,0.0,0.0,0.0,0.0
1,0,0,3,4.6449191305847775,5.572641820699203,5.436478488373789,5.396679011321396,5.530964151884815
1,0,0,4,4.553635386248596,5.955398778924961,6.877259329388934,5.619962726270451,5.668832898285832
1,0,0,5,-0.01754442887269737,0.0,7.443816910682069,0.0,0.0
1,0,0,6,0.0,0.0,0.0,0.0,0.0
1,0,0,7,0.0,0.0,0.0,0.0,0.0
1,0,1,0,0.0,0.0,0.0,0.0,0.0
1,0,1,1,0.0,0.0,0.0,0.0,0.0
1,0,1,2,0.0,0.0,0.0,0.0,0.0
1,0,1,3,0.7114055292462543,0.7580088053020989,1.4391939924486281,0.6958670195223022,0.5929259742759965
1,0,1,4,2.31613326583924,2.9469133728010126,2.069747134298736,6.00837557635618,2.6430750882100056
1,0,1,5,2.540046120600358,2.5681586223888515,2.6772147949077016,1.7371947225299733,2.1963794250371214
1,0,1,6,0.05439862987793053,0.0,0.7006859879793794,0.0,0.0
1,0,1,7,0.0,0.0,0.0,0.0,0.0
1,1,0,0,0.0,0.0,0.0,0.0,0.0
1,1,0,1,0.0,0.0,0.0,0.0,0.0
1,1,0,2,0.0,0.0,0.0,0.0,0.0
1,1,0,3,0.0,0.0,0.0,0.0,0.0
1,1,0,4,0.0,0.0,0.0,0.0,0.0
1,1,0,5,0.0,0.0,0.0,0.0,0.0
1,1,0,6,0.0,0.0,0.0,0.0,0.0
1,1,0,7,0.0,0.0,0.0,0.0,0.0
1,1,1,0,0.0,0.0,0.0,0.0,0.0
1,1,1,1,0.0,0.0,0.0,0.0,0.0
1,1,1,2,0.0,0.0,0.0,0.0,0.0
1,1,1,3,0.0,0.0,0.0,0.0,0.0
1,1,1,4,0.0,0.0,0.0,0.0,0.0
1,1,1,5,0.0,0.0,0.0,0.0,0.0
1,1,1,6,0.0,0.0,0.0,0.0,0.0
1,1,1,7,0.0,0.0,0.0,0.0,0.0
1,2,0,0,0.0,0.0,0.0,0.0,0.0
1,2,0,1,0.0,0.0,0.0,0.0,0.0
1,2,0,2,0.0,0.0,0.0,0.0,0.0
1,2,0,3,0.0,0.0,0.0,0.0,0.0
1,2,0,4,0.0,0.0,0.0,0.0,0.0
1,2,0,5,0.0,0.0,0.0,0.0,0.0
1,2,0,6,0.0,0.0,0.0,0.0,0.0
1,2,0,7,0.0,0.0,0.0,0.0,0.0
1,2,1,0,0.0,0.0,0.0,0.0,0.0
1,2,1,1,0.0,0.0,0.0,0.0,0.0
1,2,1,2,0.0,0.0,0.0,0.0,0.0
1,2,1,3,0.0,0.0,0.0,0.0,0.0
1,2,1,4,0.0,0.0,0.0,0.0,0.0
1,2,1,5,0.0,0.0,0.0,0.0,0.0
1,2,1,6,0.0,0.0,0.0,0.0,0.0
1,2,1,7,0.0,0.0,0.0,0.0,0.0
1,3,0,0,0.0,0.0,0.0,0.0,0.0
1,3,0,1,0.0,0.0,0.0,0.0,0.0
1,3,0,2,0.0,0.0,0.0,0.0,0.0
1,3,0,3,0.0,0.0,0.0,0.0,0.0
1,3,0,4,0.0,0.0,0.0,0.0,0.0
1,3,0,5,0.0,0.0,0.0,0.0,0.0
1,3,0,6,0.0,0.0,0.0,0.0,0.0
1,3,0,7,0.0,0.0,0.0,0.0,0.0
1,3,1,0,0.0,0.0,0.0,0.0,0.0
1,3,1,1,0.0,0.0,0.0,0.0,0.0
1,3,1,2,0.0,0.0,0.0,0.0,0.0
1,3,1,3,0.0,0.0,0.0,0.0,0.0
1,3,1,4,0.0,0.0,0.0,0.0,0.0
1,3,1,5,0.0,0.0,0.0,0.0,0.0
1,3,1,6,0.0,0.0,0.0,0.0,0.0
1,3,1,7,0.0,0.0,0.0,0.0,0.0
1,4,0,0,0.0,0.0,0.0,0.0,0.0
1,4,0,1,0.0,0.0,0.0,0.0,0.0
1,4,0,2,0.0,0.0,0.0,0.0,0.0
1,4,0,3,0.0,0.0,0.0,0.0,0.0
1,4,0,4,0.0,0.0,0.0,0.0,0.0
1,4,0,5,0.0,0.0,0.0,0.0,0.0
1,4,0,6,0.0,0.0,0.0,0.0,0.0
1,4,0,7,0.0,0.0,0.0,0.0,0.0
1,4,1,0,0.0,0.0,0.0,0.0,0.0
1,4,1,1,0.0,0.0,0.0,0.0,0.0
1,4,1,2,0.0,0.0,0.0,0.0,0.0
1,4,1,3,0.0,0.0,0.0,0.0,0.0
1,4,1,4,0.0,0.0,0.0,0.0,0.0
1,4,1,5,0.0,0.0,0.0,0.0,0.0
1,4,1,6,0.0,0.0,0.0,0.0,0.0
1,4,1,7,0.0,0.0,0.0,0.0,0.0
2,0,0,0,0.0,0.0,0.0,0.0,0.0
2,0,0,1,0.0,0.0,0.0,0.0,0.0
2,0,0,2,0.0,0.0,0.0,0.0,0.0
2,0,0,3,4.1570877101336166,4.5537623668879945,4.748806235207915,4.56616869887604,5.3562709564574735
2,0,0,4,4.921499009407117,4.782022236292348,5.024216160479202,6.016491257035972,5.0266563745896296
2,0,0,5,0.0,0.0,0.0,0.0,0.0
2,0,0,6,0.0,0.0,0.0,0.0,0.0
2,0,0,7,0.0,0.0,0.0,0.0,0.0
2,0,1,0,0.0,0.0,0.0,0.0,0.0
2,0,1,1,0.0,0.0,0.0,0.0,0.0
2,0,1,2,0.0,0.0,0.0,0.0,0.0
2,0,1,3,3.4325520297227627,5.246416780768822,3.58295611201409,3.5087650535105923,3.5864810451989775
2,0,1,4,1.7434028964318604,3.9427663699809887,3.0499539004027154,2.257292702064455,0.8783489014169017
2,0,1,5,0.0,0.0,0.8444244930434053,6.130245715315918,0.0
2,0,1,6,0.0,0.0,0.0,0.3923678730667872,0.0
2,0,1,7,0.0,0.0,0.0,0.0,0.0
2,1,0,0,0.0,0.0,0.0,0.0,0.0
2,1,0,1,0.0,0.0,0.0,0.0,0.0
2,1,0,2,0.0,0.0,0.0,0.0,0.0
2,1,0,3,0.0,0.0,0.0,0.0,0.0
2,1,0,4,0.0,0.0,0.0,0.0,0.0
2,1,0,5,0.0,0.0,0.0,0.0,0.0
2,1,0,6,0.0,0.0,0.0,0.0,0.0
2,1,0,7,0.0,0.0,0.0,0.0,0.0
2,1,1,0,0.0,0.0,0.0,0.0,0.0
2,1,1,1,0.0,0.0,0.0,0.0,0.0
2,1,1,2,0.0,0.0,0.0,0.0,0.0
2,1,1,3,0.0,0.0,0.0,0.0,0.0
2,1,1,4,0.0,0.0,0.0,0.0,0.0
2,1,1,5,0.0,0.0,0.0,0.0,0.0
2,1,1,6,0.0,0.0,0.0,0.0,0.0
2,1,1,7,0.0,0.0,0.0,0.0,0.0
2,2,0,0,0.0,0.0,0.0,0.0,0.0
2,2,0,1,0.0,0.0,0.0,0.0,0.0
2,2,0,2,0.0,0.0,0.0,0.0,0.0
2,2,0,3,0.0,0.0,0.0,0.0,0.0
2,2,0,4,0.0,0.0,0.0,0.0,0.0
2,2,0,5,0.0,0.0,0.0,0.0,0.0
2,2,0,6,0.0,0.0,0.0,0.0,0.0
2,2,0,7,0.0,0.0,0.0,0.0,0.0
2,2,1,0,0.0,0.0,0.0,0.0,0.0
2,2,1,1,0.0,0.0,0.0,0.0,0.0
2,2,1,2,0.0,0.0,0.0,0.0,0.0
2,2,1,3,0.0,0.0,0.0,0.0,0.0
2,2,1,4,0.0,0.0,0.0,0.0,0.0
2,2,1,5,0.0,0.0,0.0,0.0,0.0
2,2,1,6,0.0,0.0,0.0,0.0,0.0
2,2,1,7,0.0,0.0,0.0,0.0,0.0
2,3,0,0,0.0,0.0,0.0,0.0,0.0
2,3,0,1,0.0,0.0,0.0,0.0,0.0
2,3,0,2,0.0,0.0,0.0,0.0,0.0
2,3,0,3,0.0,0.0,0.0,0.0,0.0
2,3,0,4,0.0,0.0,0.0,0.0,0.0
2,3,0,5,0.0,0.0,0.0,0.0,0.0
2,3,0,6,0.0,0.0,0.0,0.0,0.0
2,3,0,7,0.0,0.0,0.0,0.0,0.0
2,3,1,0,0.0,0.0,0.0,0.0,0.0
2,3,1,1,0.0,0.0,0.0,0.0,0.0
2,3,1,2,0.0,0.0,0.0,0.0,0.0
2,3,1,3,0.0,0.0,0.0,0.0,0.0
2,3,1,4,0.0,0.0,0.0,0.0,0.0
2,3,1,5,0.0,0.0,0.0,0.0,0.0
2,3,1,6,0.0,0.0,0.0,0.0,0.0
2,3,1,7,0.0,0.0,0.0,0.0,0.0
2,4,0,0,0.0,0.0,0.0,0.0,0.0
2,4,0,1,0.0,0.0,0.0,0.0,0.0
2,4,0,2,0.0,0.0,0.0,0.0,0.0
2,4,0,3,0.0,0.0,0.0,0.0,0.0
2,4,0,4,0.0,0.0,0.0,0.0,0.0
2,4,0,5,0.0,0.0,0.0,0.0,0.0
2,4,0,6,0.0,0.0,0.0,0.0,0.0
2,4,0,7,0.0,0.0,0.0,0.0,0.0
2,4,1,0,0.0,0.0,0.0,0.0,0.0
2,4,1,1,0.0,0.0,0.0,0.0,0.0
2,4,1,2,0.0,0.0,0.0,0.0,0.0
2,4,1,3,0.0,0.0,0.0,0.0,0.0
2,4,1,4,0.0,0.0,0.0,0.0,0.0
2,4,1,5,0.0,0.0,0.0,0.0,0.0
2,4,1,6,0.0,0.0,0.0,0.0,0.0
2,4,1,7,0.0,0.0,0.0,0.0,0.0
3,0,0,0,0.0,0.0,0.0,0.0,0.0
3,0,0,1,0.0,0.0,0.0,0.0,0.0
3,0,0,2,0.0,0.0,0.0,0.0,0.0
3,0,0,3,0.0,0.0,0.0,0.0,0.0
3,0,0,4,-29.51518795563336,-45.981164160378825,-23.95086692768754,3.176767098279643,-15.454600789126783
3,0,0,5,0.0,0.0,0.0,0.0,0.0
3,0,0,6,0.0,0.0,0.0,0.0,0.0
3,0,0,7,0.0,0.0,0.0,0.0,0.0
3,0,1,0,0.0,0.0,0.0,0.0,0.0
3,0,1,1,0.0,0.0,0.0,0.0,0.0
3,0,1,2,0.0,0.0,0.0,0.0,0.0
3,0,1,3,0.0,0.0,0.0,0.0,0.0
3,0,1,4,2.7874510410241733,2.9000415491519007,2.5659024199588996,2.3765943915554093,3.6176384793662257
3,0,1,5,0.0,0.0,0.714783541947088,-0.23682913328922175,0.0
3,0,1,6,0.0,0.0,0.0,0.0,0.0
3,0,1,7,0.0,0.0,0.0,0.0,0.0
3,1,0,0,0.0,0.0,0.0,0.0,0.0
3,1,0,1,0.0,0.0,0.0,0.0,0.0
3,1,0,2,0.0,0.0,0.0,0.0,0.0
3,1,0,3,0.0,0.0,0.0,0.0,0.0
3,1,0,4,0.0,0.0,0.0,0.0,0.0
3,1,0,5,0.0,0.0,0.0,0.0,0.0
3,1,0,6,0.0,0.0,0.0,0.0,0.0
3,1,0,7,0.0,0.0,0.0,0.0,0.0
3,1,1,0,0.0,0.0,0.0,0.0,0.0
3,1,1,1,0.0,0.0,0.0,0.0,0.0
3,1,1,2,0.0,0.0,0.0,0.0,0.0
3,1,1,3,0.0,0.0,0.0,0.0,0.0
3,1,1,4,0.0,0.0,0.0,0.0,0.0
3,1,1,5,0.0,0.0,0.0,0.0,0.0
3,1,1,6,0.0,0.0,0.0,0.0,0.0
3,1,1,7,0.0,0.0,0.0,0.0,0.0
3,2,0,0,0.0,0.0,0.0,0.0,0.0
3,2,0,1,0.0,0.0,0.0,0.0,0.0
3,2,0,2,0.0,0.0,0.0,0.0,0.0
3,2,0,3,0.0,0.0,0.0,0.0,0.0
3,2,0,4,0.0,0.0,0.0,0.0,0.0
3,2,0,5,0.0,0.0,0.0,0.0,0.0
3,2,0,6,0.0,0.0,0.0,0.0,0.0
3,2,0,7,0.0,0.0,0.0,0.0,0.0
3,2,1,0,0.0,0.0,0.0,0.0,0.0
3,2,1,1,0.0,0.0,0.0,0.0,0.0
3,2,1,2,0.0,0.0,0.0,0.0,0.0
3,2,1,3,0.0,0.0,0.0,0.0,0.0
3,2,1,4,0.0,0.0,0.0,0.0,0.0
3,2,1,5,0.0,0.0,0.0,0.0,0.0
3,2,1,6,0.0,0.0,0.0,0.0,0.0
3,2,1,7,0.0,0.0,0.0,0.0,0.0
3,3,0,0,0.0,0.0,0.0,0.0,0.0
3,3,0,1,0.0,0.0,0.0,0.0,0.0
3,3,0,2,0.0,0.0,0.0,0.0,0.0
3,3,0,3,0.0,0.0,0.0,0.0,0.0
3,3,0,4,0.0,0.0,0.0,0.0,0.0
3,3,0,5,0.0,0.0,0.0,0.0,0.0
3,3,0,6,0.0,0.0,0.0,0.0,0.0
3,3,0,7,0.0,0.0,0.0,0.0,0.0
3,3,1,0,0.0,0.0,0.0,0.0,0.0
3,3,1,1,0.0,0.0,0.0,0.0,0.0
3,3,1,2,0.0,0.0,0.0,0.0,0.0
3,3,1,3,0.0,0.0,0.0,0.0,0.0
3,3,1,4,0.0,0.0,0.0,0.0,0.0
3,3,1,5,0.0,0.0,0.0,0.0,0.0
3,3,1,6,0.0,0.0,0.0,0.0,0.0
3,3,1,7,0.0,0.0,0.0,0.0,0.0
3,4,0,0,0.0,0.0,0.0,0.0,0.0
3,4,0,1,0.0,0.0,0.0,0.0,0.0
3,4,0,2,0.0,0.0,0.0,0.0,0.0
3,4,0,3,0.0,0.0,0.0,0.0,0.0
3,4,0,4,0.0,0.0,0.0,0.0,0.0
3,4,0,5,0.0,0.0,0.0,0.0,0.0
3,4,0,6,0.0,0.0,0.0,0.0,0.0
3,4,0,7,0.0,0.0,0.0,0.0,0.0
3,4,1,0,0.0,0.0,0.0,0.0,0.0
3,4,1,1,0.0,0.0,0.0,0.0,0.0
3,4,1,2,0.0,0.0,0.0,0.0,0.0
3,4,1,3,0.0,0.0,0.0,0.0,0.0
3,4,1,4,0.0,0.0,0.0,0.0,0.0
3,4,1,5,0.0,0.0,0.0,0.0,0.0
3,4,1,6,0.0,0.0,0.0,0.0,0.0
3,4,1,7,0.0,0.0,0.0,0.0,0.0
4,0,0,0,0.0,0.0,0.0,0.0,0.0
4,0,0,1,0.0,0.0,0.0,0.0,0.0
4,0,0,2,0.0,0.0,0.0,0.0,0.0
4,0,0,3,0.0,0.0,0.0,0.0,0.0
4,0,0,4,5.7114506648477095,-14.180314850756728,-42.766285868132236,-26.99519836233489,-19.811723794587987
4,0,0,5,0.0,0.0,0.0,0.0,0.0
4,0,0,6,0.0,0.0,0.0,0.0,0.0
4,0,0,7,0.0,0.0,0.0,0.0,0.0
4,0,1,0,0.0,0.0,0.0,0.0,0.0
4,0,1,1,0.0,0.0,0.0,0.0,0.0
4,0,1,2,0.0,0.0,0.0,0.0,0.0
4,0,1,3,0.0,0.0,0.0,0.0,0.0
4,0,1,4,2.3791959926908097,2.3819298966188915,3.174180956790039,0.5104041698540284,2.838748329784398
4,0,1,5,0.0,0.0,0.0,0.0,0.0
4,0,1,6,0.0,-0.22944069739807005,0.0,0.0,-0.2036235526833161
4,0,1,7,0.0,0.0,0.0,0.0,0.0
4,1,0,0,0.0,0.0,0.0,0.0,0.0
4,1,0,1,0.0,0.0,0.0,0.0,0.0
4,1,0,2,0.0,0.0,0.0,0.0,0.0
4,1,0,3,0.0,0.0,0.0,0.0,0.0
4,1,0,4,0.0,0.0,0.0,0.0,0.0
4,1,0,5,0.0,0.0,0.0,0.0,0.0
4,1,0,6,0.0,0.0,0.0,0.0,0.0
4,1,0,7,0.0,0.0,0.0,0.0,0.0
4,1,1,0,0.0,0.0,0.0,0.0,0.0
4,1,1,1,0.0,0.0,0.0,0.0,0.0
4,1,1,2,0.0,0.0,0.0,0.0,0.0
4,1,1,3,0.0,0.0,0.0,0.0,0.0
4,1,1,4,0.0,0.0,0.0,0.0,0.0
4,1,1,5,0.0,0.0,0.0,0.0,0.0
4,1,1,6,0.0,0.0,0.0,0.0,0.0
4,1,1,7,0.0,0.0,0.0,0.0,0.0
4,2,0,0,0.0,0.0,0.0,0.0,0.0
4,2,0,1,0.0,0.0,0.0,0.0,0.0
4,2,0,2,0.0,0.0,0.0,0.0,0.0
4,2,0,3,0.0,0.0,0.0,0.0,0.0
4,2,0,4,0.0,0.0,0.0,0.0,0.0
4,2,0,5,0.0,0.0,0.0,0.0,0.0
4,2,0,6,0.0,0.0,0.0,0.0,0.0
4,2,0,7,0.0,0.0,0.0,0.0,0.0
4,2,1,0,0.0,0.0,0.0,0.0,0.0
4,2,1,1,0.0,0.0,0.0,0.0,0.0
4,2,1,2,0.0,0.0,0.0,0.0,0.0
4,2,1,3,0.0,0.0,0.0,0.0,0.0
4,2,1,4,0.0,0.0,0.0,0.0,0.0
4,2,1,5,0.0,0.0,0.0,0.0,0.0
4,2,1,6,0.0,0.0,0.0,0.0,0.0
4,2,1,7,0.0,0.0,0.0,0.0,0.0
4,3,0,0,0.0,0.0,0.0,0.0,0.0
4,3,0,1,0.0,0.0,0.0,0.0,0.0
4,3,0,2,0.0,0.0,0.0,0.0,0.0
4,3,0,3,0.0,0.0,0.0,0.0,0.0
4,3,0,4,0.0,0.0,0.0,0.0,0.0
4,3,0,5,0.0,0.0,0.0,0.0,0.0
4,3,0,6,0.0,0.0,0.0,0.0,0.0
4,3,0,7,0.0,0.0,0.0,0.0,0.0
4,3,1,0,0.0,0.0,0.0,0.0,0.0
4,3,1,1,0.0,0.0,0.0,0.0,0.0
4,3,1,2,0.0,0.0,0.0,0.0,0.0
4,3,1,3,0.0,0.0,0.0,0.0,0.0
4,3,1,4,0.0,0.0,0.0,0.0,0.0
4,3,1,5,0.0,0.0,0.0,0.0,0.0
4,3,1,6,0.0,0.0,0.0,0.0,0.0
4,3,1,7,0.0,0.0,0.0,0.0,0.0
4,4,0,0,0.0,0.0,0.0,0.0,0.0
4,4,0,1,0.0,0.0,0.0,0.0,0.0
4,4,0,2,0.0,0.0,0.0,0.0,0.0
4,4,0,3,0.0,0.0,0.0,0.0,0.0
4,4,0,4,0.0,0.0,0.0,0.0,0.0
4,4,0,5,0.0,0.0,0.0,0.0,0.0
4,4,0,6,0.0,0.0,0.0,0.0,0.0
4,4,0,7,0.0,0.0,0.0,0.0,0.0
4,4,1,0,0.0,0.0,0.0,0.0,0.0
4,4,1,1,0.0,0.0,0.0,0.0,0.0
4,4,1,2,0.0,0.0,0.0,0.0,0.0
4,4,1,3,0.0,0.0,0.0,0.0,0.0
4,4,1,4,0.0,0.0,0.0,0.0,0.0
4,4,1,5,0.0,0.0,0.0,0.0,0.0
4,4,1,6,0.0,0.0,0.0,0.0,0.0
4,4,1,7,0.0,0.0,0.0,0.0,0.0
5,0,0,0,0.0,0.0,0.0,0.0,0.0
5,0,0,1,0.0,0.0,0.0,0.0,0.0
5,0,0,2,0.0,0.0,0.0,0.0,0.0
5,0,0,3,0.0,0.0,0.0,0.0,0.0
5,0,0,4,5.639615301746339,5.021306464237908,6.420400155006775,5.392923460789988,5.410014664881994
5,0,0,5,2.395831130110034,4.078684861692229,4.724154767231264,2.0678142723251995,3.031299772236672
5,0,0,6,0.0,0.0,0.0,0.0,0.0
5,0,0,7,0.0,0.0,0.0,0.0,0.0
5,0,1,0,0.0,0.0,0.0,0.0,0.0
5,0,1,1,0.0,0.0,0.0,0.0,0.0
5,0,1,2,0.0,0.0,0.5537331563831744,0.0,0.0
5,0,1,3,0.0,1.9244278799675465,0.0,0.0,0.9350967924212814
5,0,1,4,2.108995905639124,1.6282895201551848,2.0596131191335694,3.562637952725082,1.9957951718215243
5,0,1,5,1.9179272103508482,2.2819600830877196,2.9285095567938657,2.1362768771565395,4.340215745891853
5,0,1,6,0.04562779182156495,0.0,0.0,-0.22685872291141448,-0.2738131189754088
5,0,1,7,0.0,0.0,0.0,0.0,0.0
5,1,0,0,0.0,0.0,0.0,0.0,0.0
5,1,0,1,0.0,0.0,0.0,0.0,0.0
5,1,0,2,0.0,0.0,0.0,0.0,0.0
5,1,0,3,0.0,0.0,0.0,0.0,0.0
5,1,0,4,0.0,0.0,0.0,0.0,0.0
5,1,0,5,0.0,0.0,0.0,0.0,0.0
5,1,0,6,0.0,0.0,0.0,0.0,0.0
5,1,0,7,0.0,0.0,0.0,0.0,0.0
5,1,1,0,0.0,0.0,0.0,0.0,0.0
5,1,1,1,0.0,0.0,0.0,0.0,0.0
5,1,1,2,0.0,0.0,0.0,0.0,0.0
5,1,1,3,0.0,0.0,0.0,0.0,0.0
5,1,1,4,0.0,0.0,0.0,0.0,0.0
5,1,1,5,0.0,0.0,0.0,0.0,0.0
5,1,1,6,0.0,0.0,0.0,0.0,0.0
5,1,1,7,0.0,0.0,0.0,0.0,0.0
5,2,0,0,0.0,0.0,0.0,0.0,0.0
5,2,0,1,0.0,0.0,0.0,0.0,0.0
5,2,0,2,0.0,0.0,0.0,0.0,0.0
5,2,0,3,0.0,0.0,0.0,0.0,0.0
5,2,0,4,0.0,0.0,0.0,0.0,0.0
5,2,0,5,0.0,0.0,0.0,0.0,0.0
5,2,0,6,0.0,0.0,0.0,0.0,0.0
5,2,0,7,0.0,0.0,0.0,0.0,0.0
5,2,1,0,0.0,0.0,0.0,0.0,0.0
5,2,1,1,0.0,0.0,0.0,0.0,0.0
5,2,1,2,0.0,0.0,0.0,0.0,0.0
5,2,1,3,0.0,0.0,0.0,0.0,0.0
5,2,1,4,0.0,0.0,0.0,0.0,0.0
5,2,1,5,0.0,0.0,0.0,0.0,0.0
5,2,1,6,0.0,0.0,0.0,0.0,0.0
5,2,1,7,0.0,0.0,0.0,0.0,0.0
5,3,0,0,0.0,0.0,0.0,0.0,0.0
5,3,0,1,0.0,0.0,0.0,0.0,0.0
5,3,0,2,0.0,0.0,0.0,0.0,0.0
5,3,0,3,0.0,0.0,0.0,0.0,0.0
5,3,0,4,0.0,0.0,0.0,0.0,0.0
5,3,0,5,0.0,0.0,0.0,0.0,0.0
5,3,0,6,0.0,0.0,0.0,0.0,0.0
5,3,0,7,0.0,0.0,0.0,0.0,0.0
5,3,1,0,0.0,0.0,0.0,0.0,0.0
5,3,1,1,0.0,0.0,0.0,0.0,0.0
5,3,1,2,0.0,0.0,0.0,0.0,0.0
5,3,1,3,0.0,0.0,0.0,0.0,0.0
5,3,1,4,0.0,0.0,0.0,0.0,0.0
5,3,1,5,0.0,0.0,0.0,0.0,0.0
5,3,1,6,0.0,0.0,0.0,0.0,0.0
5,3,1,7,0.0,0.0,0.0,0.0,0.0
5,4,0,0,0.0,0.0,0.0,0.0,0.0
5,4,0,1,0.0,0.0,0.0,0.0,0.0
5,4,0,2,0.0,0.0,0.0,0.0,0.0
5,4,0,3,0.0,0.0,0.0,0.0,0.0
5,4,0,4,0.0,0.0,0.0,0.0,0.0
5,4,0,5,0.0,0.0,0.0,0.0,0.0
5,4,0,6,0.0,0.0,0.0,0.0,0.0
5,4,0,7,0.0,0.0,0.0,0.0,0.0
5,4,1,0,0.0,0.0,0.0,0.0,0.0
5,4,1,1,0.0,0.0,0.0,0.0,0.0
5,4,1,2,0.0,0.0,0.0,0.0,0.0
5,4,1,3,0.0,0.0,0.0,0.0,0.0
5,4,1,4,0.0,0.0,0.0,0.0,0.0
5,4,1,5,0.0,0.0,0.0,0.0,0.0
5,4,1,6,0.0,0.0,0.0,0.0,0.0
5,4,1,7,0.0,0.0,0.0,0.0,0.0
6,0,0,0,0.0,0.0,0.0,0.0,0.0
6,0,0,1,0.0,0.0,0.0,0.0,0.0
6,0,0,2,0.0,0.0,0.0,0.0,0.0
6,0,0,3,0.0,0.0,0.0,10.659232120743992,1.465658086878362
6,0,0,4,5.657766781740423,7.041035298343285,4.9871798351381535,5.733500491387917,5.473059682224126
6,0,0,5,4.313833205240493,5.436306934323659,5.248605217872216,5.428921788954642,7.211947759054183
6,0,0,6,0.0,0.0,0.0,0.0,0.0
6,0,0,7,0.0,0.0,0.0,0.0,0.0
6,0,1,0,0.0,0.0,0.0,0.0,0.0
6,0,1,1,0.0,0.0,0.0,0.0,0.0
6,0,1,2,0.0,5.946557144831319,0.0,0.0,0.0
6,0,1,3,7.866111318104818,5.3103279952993026,3.735345524153777,3.9061151564091574,3.7731707894730233
6,0,1,4,1.4099164881349793,1.2248840959711456,1.4786681407478608,2.6414900553428367,1.5637703883939853
6,0,1,5,1.4242639958595336,0.9991985128148546,0.995028627829854,1.0686527438899092,0.970039380268561
6,0,1,6,0.0,0.0,0.0,0.0,0.0
6,0,1,7,0.0,0.0,0.0,0.0,0.0
6,1,0,0,0.0,0.0,0.0,0.0,0.0
6,1,0,1,0.0,0.0,0.0,0.0,0.0
6,1,0,2,0.0,0.0,0.0,0.0,0.0
6,1,0,3,0.0,0.0,0.0,0.0,0.0
6,1,0,4,0.0,0.0,0.0,0.0,0.0
6,1,0,5,0.0,0.0,0.0,0.0,0.0
6,1,0,6,0.0,0.0,0.0,0.0,0.0
6,1,0,7,0.0,0.0,0.0,0.0,0.0
6,1,1,0,0.0,0.0,0.0,0.0,0.0
6,1,1,1,0.0,0.0,0.0,0.0,0.0
6,1,1,2,0.0,0.0,0.0,0.0,0.0
6,1,1,3,0.0,0.0,0.0,0.0,0.0
6,1,1,4,0.0,0.0,0.0,0.0,0.0
6,1,1,5,0.0,0.0,0.0,0.0,0.0
6,1,1,6,0.0,0.0,0.0,0.0,0.0
6,1,1,7,0.0,0.0,0.0,0.0,0.0
6,2,0,0,0.0,0.0,0.0,0.0,0.0
6,2,0,1,0.0,0.0,0.0,0.0,0.0
6,2,0,2,0.0,0.0,0.0,0.0,0.0
6,2,0,3,0.0,0.0,0.0,0.0,0.0
6,2,0,4,0.0,0.0,0.0,0.0,0.0
6,2,0,5,0.0,0.0,0.0,0.0,0.0
6,2,0,6,0.0,0.0,0.0,0.0,0.0
6,2,0,7,0.0,0.0,0.0,0.0,0.0
6,2,1,0,0.0,0.0,0.0,0.0,0.0
6,2,1,1,0.0,0.0,0.0,0.0,0.0
6,2,1,2,0.0,0.0,0.0,0.0,0.0
6,2,1,3,0.0,0.0,0.0,0.0,0.0
6,2,1,4,0.0,0.0,0.0,0.0,0.0
6,2,1,5,0.0,0.0,0.0,0.0,0.0
6,2,1,6,0.0,0.0,0.0,0.0,0.0
6,2,1,7,0.0,0.0,0.0,0.0,0.0
6,3,0,0,0.0,0.0,0.0,0.0,0.0
6,3,0,1,0.0,0.0,0.0,0.0,0.0
6,3,0,2,0.0,0.0,0.0,0.0,0.0
6,3,0,3,0.0,0.0,0.0,0.0,0.0
6,3,0,4,0.0,0.0,0.0,0.0,0.0
6,3,0,5,0.0,0.0,0.0,0.0,0.0
6,3,0,6,0.0,0.0,0.0,0.0,0.0
6,3,0,7,0.0,0.0,0.0,0.0,0.0
6,3,1,0,0.0,0.0,0.0,0.0,0.0
6,3,1,1,0.0,0.0,0.0,0.0,0.0
6,3,1,2,0.0,0.0,0.0,0.0,0.0
6,3,1,3,0.0,0.0,0.0,0.0,0.0
6,3,1,4,0.0,0.0,0.0,0.0,0.0
6,3,1,5,0.0,0.0,0.0,0.0,0.0
6,3,1,6,0.0,0.0,0.0,0.0,0.0
6,3,1,7,0.0,0.0,0.0,0.0,0.0
6,4,0,0,0.0,0.0,0.0,0.0,0.0
6,4,0,1,0.0,0.0,0.0,0.0,0.0
6,4,0,2,0.0,0.0,0.0,0.0,0.0
6,4,0,3,0.0,0.0,0.0,0.0,0.0
6,4,0,4,0.0,0.0,0.0,0.0,0.0
6,4,0,5,0.0,0.0,0.0,0.0,0.0
6,4,0,6,0.0,0.0,0.0,0.0,0.0
6,4,0,7,0.0,0.0,0.0,0.0,0.0
6,4,1,0,0.0,0.0,0.0,0.0,0.0
6,4,1,1,0.0,0.0,0.0,0.0,0.0
6,4,1,2,0.0,0.0,0.0,0.0,0.0
6,4,1,3,0.0,0.0,0.0,0.0,0.0
6,4,1,4,0.0,0.0,0.0,0.0,0.0
6,4,1,5,0.0,0.0,0.0,0.0,0.0
6,4,1,6,0.0,0.0,0.0,0.0,0.0
6,4,1,7,0.0,0.0,0.0,0.0,0.0
7,0,0,0,0.0,0.0,0.0,0.0,0.0
7,0,0,1,0.0,0.0,0.0,0.0,0.0
7,0,0,2,0.0,0.0,0.0,0.0,0.0
7,0,0,3,4.696985180869954,5.7048469849206445,5.985396553532797,6.320086931640995,4.899030641804272
7,0,0,4,4.774324077162545,4.858460801768652,4.960481323082186,8.21132537194547,5.878596957614942
7,0,0,5,4.424610160523373,4.5183676069782335,8.846626850865897,4.970273057599453,4.792003457312083
7,0,0,6,0.0,0.0,0.0,0.0,0.0
7,0,0,7,0.0,0.0,0.0,0.0,0.0
7,0,1,0,0.0,0.0,0.0,0.0,0.0
7,0,1,1,0.0,0.0,0.0,0.0,0.0
7,0,1,2,0.0,0.0,0.0,0.0,0.0
7,0,1,3,1.5999806171235165,5.639863584423286,1.965681418267139,1.6096269704534387,1.7449586862085402
7,0,1,4,5.782435799613657,4.782718382005836,5.3429586170371275,2.72088948094817,3.6878590013668364
7,0,1,5,1.6048243921484313,1.4945501630379803,1.4604810257571552,1.0881775854666136,5.679637284226179
7,0,1,6,0.0,0.0,0.0,0.0,0.0
7,0,1,7,0.0,0.0,0.0,0.0,0.0
7,1,0,0,0.0,0.0,0.0,0.0,0.0
7,1,0,1,0.0,0.0,0.0,0.0,0.0
7,1,0,2,0.0,0.0,0.0,0.0,0.0
7,1,0,3,0.0,0.0,0.0,0.0,0.0
7,1,0,4,0.0,0.0,0.0,0.0,0.0
7,1,0,5,0.0,0.0,0.0,0.0,0.0
7,1,0,6,0.0,0.0,0.0,0.0,0.0
7,1,0,7,0.0,0.0,0.0,0.0,0.0
7,1,1,0,0.0,0.0,0.0,0.0,0.0
7,1,1,1,0.0,0.0,0.0,0.0,0.0
7,1,1,2,0.0,0.0,0.0,0.0,0.0
7,1,1,3,0.0,0.0,0.0,0.0,0.0
7,1,1,4,0.0,0.0,0.0,0.0,0.0
7,1,1,5,0.0,0.0,0.0,0.0,0.0
7,1,1,6,0.0,0.0,0.0,0.0,0.0
7,1,1,7,0.0,0.0,0.0,0.0,0.0
7,2,0,0,0.0,0.0,0.0,0.0,0.0
7,2,0,1,0.0,0.0,0.0,0.0,0.0
7,2,0,2,0.0,0.0,0.0,0.0,0.0
7,2,0,3,0.0,0.0,0.0,0.0,0.0
7,2,0,4,0.0,0.0,0.0,0.0,0.0
7,2,0,5,0.0,0.0,0.0,0.0,0.0
7,2,0,6,0.0,0.0,0.0,0.0,0.0
7,2,0,7,0.0,0.0,0.0,0.0,0.0
7,2,1,0,0.0,0.0,0.0,0.0,0.0
7,2,1,1,0.0,0.0,0.0,0.0,0.0
7,2,1,2,0.0,0.0,0.0,0.0,0.0
7,2,1,3,0.0,0.0,0.0,0.0,0.0
7,2,1,4,0.0,0.0,0.0,0.0,0.0
7,2,1,5,0.0,0.0,0.0,0.0,0.0
7,2,1,6,0.0,0.0,0.0,0.0,0.0
7,2,1,7,0.0,0.0,0.0,0.0,0.0
7,3,0,0,0.0,0.0,0.0,0.0,0.0
7,3,0,1,0.0,0.0,0.0,0.0,0.0
7,3,0,2,0.0,0.0,0.0,0.0,0.0
7,3,0,3,0.0,0.0,0.0,0.0,0.0
7,3,0,4,0.0,0.0,0.0,0.0,0.0
7,3,0,5,0.0,0.0,0.0,0.0,0.0
7,3,0,6,0.0,0.0,0.0,0.0,0.0
7,3,0,7,0.0,0.0,0.0,0.0,0.0
7,3,1,0,0.0,0.0,0.0,0.0,0.0
7,3,1,1,0.0,0.0,0.0,0.0,0.0
7,3,1,2,0.0,0.0,0.0,0.0,0.0
7,3,1,3,0.0,0.0,0.0,0.0,0.0
7,3,1,4,0.0,0.0,0.0,0.0,0.0
7,3,1,5,0.0,0.0,0.0,0.0,0.0
7,3,1,6,0.0,0.0,0.0,0.0,0.0
7,3,1,7,0.0,0.0,0.0,0.0,0.0
7,4,0,0,0.0,0.0,0.0,0.0,0.0
7,4,0,1,0.0,0.0,0.0,0.0,0.0
7,4,0,2,0.0,0.0,0.0,0.0,0.0
7,4,0,3,0.0,0.0,0.0,0.0,0.0
7,4,0,4,0.0,0.0,0.0,0.0,0.0
7,4,0,5,0.0,0.0,0.0,0.0,0.0
7,4,0,6,0.0,0.0,0.0,0.0,0.0
7,4,0,7,0.0,0.0,0.0,0.0,0.0
7,4,1,0,0.0,0.0,0.0,0.0,0.0
7,4,1,1,0.0,0.0,0.0,0.0,0.0
7,4,1,2,0.0,0.0,0.0,0.0,0.0
7,4,1,3,0.0,0.0,0.0,0.0,0.0
7,4,1,4,0.0,0.0,0.0,0.0,0.0
7,4,1,5,0.0,0.0,0.0,0.0,0.0
7,4,1,6,0.0,0.0,0.0,0.0,0.0
7,4,1,7,0.0,0.0,0.0,0.0,0.0
